{"min": [-0.66182, -0.663683, -0.468143], "max": [0.702568, 0.643856, 0.531461]}