{"min": [-0.346961, -0.916908, -0.285207], "max": [0.321035, 0.948468, 0.337937]}